{"cameraMode":{"drawMode":0,"name":"Shaded","section":"Shading Mode"},"sceneLighting":false,"audioPlay":false,"sceneViewState":{"m_AlwaysRefresh":false,"showFog":false,"showSkybox":false,"showFlares":false,"showImageEffects":false,"showParticleSystems":false,"showVisualEffectGraphs":true,"m_FxEnabled":false},"in2DMode":false,"pivot":{"x":0.00005453824996948242,"y":0.8071638941764832,"z":-0.0195719376206398},"rotation":{"x":0.02716078981757164,"y":-0.08908559381961823,"z":-0.00266401469707489,"w":-0.995835542678833},"size":0.687717616558075,"orthographic":false}