{"cameraMode":{"drawMode":0,"name":"Shaded","section":"Shading Mode"},"sceneLighting":false,"audioPlay":false,"sceneViewState":{"m_AlwaysRefresh":false,"showFog":false,"showSkybox":false,"showFlares":false,"showImageEffects":false,"showParticleSystems":false,"showVisualEffectGraphs":true,"m_FxEnabled":false},"in2DMode":false,"pivot":{"x":0.0008842945098876953,"y":1.223946452140808,"z":0.02236992120742798},"rotation":{"x":-0.07256538420915604,"y":-0.784005343914032,"z":0.09300047904253006,"w":-0.609776496887207},"size":0.6199100613594055,"orthographic":false}